generated,actual
aerial view of the site,A dense residential area with lots of houses arranged neatly is surrounded by some roads .
satellite image,Some green chaparrals of different sizes grow in the desert .
aerial view of the runway,green grass on both sides of the runway .
the railway station,The railway station has lots of railways and some buildings and the railway station is surrounded by lots of houses and trees .
image of the day,A large piece of sea ice and a lot of small pieces of sea ice float in the deep blue sea .
concrete,the grey green land has many gullies .
a. satellite image b. satellite image,Two basketball courts on the lawn and some trees beside .
lake,The lake lies in the dense forest and the water is dark blue .
satellite image,There is a straight path through this wetland .
a. a large rectangular green area with a grey border,there is rectangular pond with a regular bank made of pebbles .
wave,the waves crash up on the beach .
image,Some disconnected green chaparrals grow on the wasteland .
satellite image,The snowberg is partly covered with snow and ice and partly covered with vegetation .
image,the large land is a vast desert .
the railway line,These railways go through the green area .
image of the day,a line of black hummock can be seen on the desert .
-----0-----,-----0-----
a. a residential street with a few houses .,A dense residential area with lots of houses arranged neatly is surrounded by some roads .
the image shows a desert landscape with a few trees .,Some green chaparrals of different sizes grow in the desert .
the runway is marked by the white lines and the taxiway is marked by the white lines .,green grass on both sides of the runway .
the railway station is located in the north of the city .,The railway station has lots of railways and some buildings and the railway station is surrounded by lots of houses and trees .
the ice is dark because it is,A large piece of sea ice and a lot of small pieces of sea ice float in the deep blue sea .
a. brown and gray b. brown and white c. brown and black d. white and black,the grey green land has many gullies .
a. satellite image of a basketball court b. satellite image of a basketball court,Two basketball courts on the lawn and some trees beside .
the lake is located in the middle of the image .,The lake lies in the dense forest and the water is dark blue .
a. a forest b. a river c. a lake,There is a straight path through this wetland .
a. a rectangular green field with a grey border and a few trees in the background,there is rectangular pond with a regular bank made of pebbles .
wave,the waves crash up on the beach .
a. a forest b. a forest with a lot of trees c. a forest with a lot of trees and some shrubs,Some disconnected green chaparrals grow on the wasteland .
snow,The snowberg is partly covered with snow and ice and partly covered with vegetation .
the desert,the large land is a vast desert .
a. a railway track b. a railway track,These railways go through the green area .
the desert,a line of black hummock can be seen on the desert .
a. a field of crops b. a field of crops,Lots of dense rectangular farmlands of different colors are arranged in neat rows .
a. the same as the previous image but zoomed in on the top of the image .,The mobile home park has some neatly arranged mobile homes .
a. a highway with a car on it .,Two straight freeways parrallel forward .
a. a large cloud of smoke over a city .,The cumulus clouds are located above the city .
the mountains are in the north and west .,The snowberg is covered with snow and ice in the top and partly covered with vegetation .
beach,This is a beach with blue-green sea and white sands .
a. a stadium surrounded by a park b. a stadium surrounded by a park,The ground track field is surrounded by a grove of trees and some houses arranged neatly are next to the ground track field .
glacier,The snowberg is covered with snow and ice in the top and the color of the mountain is brown .
a. a highway interchange b. a highway interchange,"a river, some buildings and many green trees are near a viaduct ."
a. a large farm with a lot of crops b. a large farm with a lot of crops c. a large farm with a lot of crops,Several circular farmlands with different colors are on the wasteland and some roads go through the wasteland .
a. the trees are very close to each other b. the trees are far apart c. the trees are far apart and far apart,The forest has some sparse green trees randomly arranged and the forest soil is deep yellow .
a. a large group of boats b. a large group of people c. a large group of animals d. a large group of people,The harbor has lots of neatly docked boats and a parking lot is next to the harbor .
Lake Nyasa,A big lake and some small lakes with winding banks lie in a mountainous area and the water is green .
the lake is located in the town of,The lake is surrounded by some farmland and residential areas and the water is deep green .
a. a field with a small hill in the middle b. a field with a small hill in the middle,there is a piece of bare ground at the t junction of two unpaved paths on the meadow .
neighborhood,A baseball diamond surrounded by some trees and the medium residential area beside .
a. a field of crops b. a field of crops,There is a row of grey houses beside the terraces .
the building is located in the center of the image .,A commercial area with some buildings of different heights is surrounded by some roads .
a. the land is covered in snow and ice. b. the land is covered in grass and trees. c. the land is covered in grass and rocks. d. the land is covered in grass and rocks.,The snowberg is partly covered with snow and ice and the color of the mountain is brown .
a. a satellite image of a desert b. a satellite image of a desert c. a satellite image of a desert,There are no crops on the terraces in the picture .
the airport is located in the city of,An airport with a runway on the lawn and dense residential areas around the airport .
aerial view of a residential area with several buildings and a parking lot .,This is a dense residential area with some houses .
a. a highway interchange b. a highway interchange,many overpasses have been built in this area .
the building is located in the center of the image .,A commercial area has lots of buildings of different heights and shapes and a grove of trees is also in the commercial area .
the stadium is located in the city of,This stadium is a baseball field .
a. the city of la is located in the center of the image.,next to the road is a large industrial area .
river,the turbid river is across the grassland with shrubs .
the island of jersey,The island has rugged terrain and dense vegetation and the waters around the island is light blue .
stadium,there is a playground near the building .
a. baseball field b. soccer field c. football field d. basketball court,Some baseball diamonds of different sizes next to some parking lots and some buildings beside .
rocks and waves,The type of beach is rocky coast and some eroded stones are on the beach .
a. a large industrial plant with silos and a train passing through the area .,there are some big gray columnar tanks linking to each other by pipes
a.,Several large pieces of sea ice and a lot of small pieces of sea ice gather together .
a. satellite image of a city b. satellite image of a city,The railway station has some railways and buildings of different colors .
a. two large ponds b two small ponds c a small pond and a large pond,the rectangular pond close to the trapezoidal pond is next to a building with a parking lot surrounded by trees .
the bridge is a major engineering feat .,the suspension bridge is across the stretch of arc shaped river .
the building is a green octagonal building with a green roof .,a polygonal blue green building with pyramidal roof is located among streets other square buildings and parking lots
this is a satellite image of a train station .,the huge rectangular station platform close the station with a silver ceiling is over the arc shaped rails
the tree is in the middle of the fairway .,This is a part of a golf course with green turfs and some bunkers .
a. satellite image of a power plant b. satellite image of a power plant,There are rows of blue or red buildings on one side of the two thermal power stations .
a. the baseball field is in the middle of the neighborhood .,A baseball diamond next to a parking lot and the residential area beside .
the airport,many white planes are parked at the airport .
boats,Lots of boats docked at the harbor and the water is deep blue .
a. a large building with many windows b. a large building with many windows c. a large building with many windows d. a large building with many windows,The industrial area with some neatly arranged blue workshops and red workshops is surrounded by roads .
the dome of the church of the holy cross .,The church with a green circular tower is surrounded by other buildings .
the airport is located in the city of,A plane parked next to a boarding bridge of the rectangular terminal and the lawn in the other side of the terminal .
the trees are in the foreground and the desert is in the background .,Some disconnected chaparrals grow in the desert .
the image shows a dark green background with white and grey spots .,A large piece of sea ice and a lot of small pieces of sea ice float in the dark green sea .
the north korean military is building a secret nuclear missile site,the long river flows through the vast land .
the lake is located in the northern part of the,The lake lies in a mountainous area and the water is dark blue .
parking,The parking lot has some parked cars and trees .
a. sand dunes b. sand dunes with a small hill on top c. sand dunes with a small hill on top d. sand dunes with a small hill on top e. sand dunes with a small hill on top f. sand dunes with a small hill on top g. sand dunes with a small hill on top h. sand dunes with a small hill on top i. sand dunes with a small hill on top j. sand dunes with a small hill on top k. sand dunes with a small hill on top l. sand dunes with a small hill on top m. sand dunes with a small hill on top n. sand dunes with a small hill on top o. sand dunes with a small hill on top p. sand dunes with a small hill on top q. sand dunes with a small hill on top r. sand dunes with a small hill on top s. sand dunes with a small hill on top t. sand dunes with a small hill on top u. sand dunes with a small hill on top v. sand dunes with a small hill on top w. sand dunes with a small hill on top x. sand dunes with a small hill on top y. sand dunes with a small hill on top z. sand dunes with a small hill on top aa,The desert has yellow sand and some small hills .
this is a city street with mobile homes on it .,The sparse mobile home park has some mobile homes on the grass and two lakes are also in the mobile home park .
a. a small town b. a city c. a neighborhood d. a suburb,The medium residential area has some houses and bare trees and some roads go through the medium residential area .
a. a group of houses b. a group of houses in a row c. a group of houses in a row,A dense residential area has lots of neatly arranged houses with different colors of roofs .
the desert is a large flat area of land that is usually dry and,The mountain has a rugged surface and its rocks are gray .
a. a bridge over a river b. a bridge over a river,Two bridges built on a dark blue river and the vacant lot on both sides of the river .
the castle is a large building with a rounded roof .,The orange palace with a clearing is surrounded by a grove of trees .
what is the name of this road interchange .,the viaduct is connected to the broad road by a eight shaped ramp .
river,the twisty river is across the green land.
a. a large river with a small boat in it b. a large river with a small boat in it c. a large river with a small boat in it d. a large river with a small boat in it,Several ships of different sizes are docked at the dock and another ship is sailing in the yellow water .
the image shows a large area of land with a few trees and a few hills .,There is a straight path between the terraces .
property is located on a 1000 acre farm,There are circular swimming pools beside this house .
the dome of the church is a dome of the cathedral .,The church with a green circular pointed tower and the rest of the church has an orange cross-shaped roof .
a. a large water reservoir b. a large water reservoir,the pond is trapezoidal in one side of which there are some trees and in other sides of which there are many tracts of farmland .
trees,The forest has a lot of randomly arranged green trees .
a. a large ship docked at a port b. a large ship docked at a port c. a large ship docked at a port d. a large ship docked at a port,Some ships of different sizes and colors are docked at the oil terminal and the water is dark green .
the 1st hole of the golf course,"The golf course has some putting greens, Barrier trees and two sandpits ."
glaciers,The snowberg is covered with glaciers .
skyscrapers and a parking lot .,A commercial area has three buildings and one of buildings has a parking lot on the roof .
a. a large bridge over a river b. a large bridge over a river,there are two bridges over the river .
a. a river b. a forest c. a river in a forest,The forest has a lot of evenly distributed sage green trees and a road goes through the forest .
grass,The grass on the left side of the meadow is dense and the grass on the right side of the meadow is sparse .
a. a large storage facility for oil and gas .,there are some white storage tanks near two lines of houses with trees .
a. a roundabout with a fountain in the middle of a roundabout with a fountain in the middle of a roundabout with a fountain in the middle of a roundabout with a fountain in the middle of a roundabout with a fountain in the middle of a roundabout with a fountain in the middle of a roundabout with a fountain in the middle of a roundabout with a fountain in the middle of a roundabout with a fountain in the middle of a roundabout with a fountain in the middle of a roundabout with a fountain in the middle of a roundabout with a fountain in the middle of a roundabout with a fountain in the middle of a roundabout with a fountain in the middle of a roundabout with a fountain in the middle of a roundabout with a fountain in the middle of a roundabout with a fountain in the middle of a roundabout with a fountain in the middle of a roundabout with a fountain in the middle of a roundabout with a fountain in the middle of a roundabout with a fountain in the middle of a roundabout with a fountain in the middle of a roundabout with a fountain in the middle of a roundabout with a fountain in the middle of a roundabout with a fountain in the middle of a roundabout with a fountain in the middle of a roundabout with a fountain in the middle of a roundabout with a fountain in the middle of a,The roundabout with some exits and entrances is between the residential area and a road .
a. a large farm with many circular fields b. a large farm with many circular fields,Several dark green circular farmlands are surrounded by some rectangular farmlands .
the stadium is in the center of the image .,The ground track field is surrounded by a residential area and a parking lot is next to the ground track field .
a. a patchwork of crops and fields,there is a bare road in the middle of the field .
Lake,This wetland is light green overall with some green plants in the middle .
a. a mosaic of fields .,Some rectangular farmlands of different colors are arranged in neat rows .
a. a barge on a river b. a barge on a river,The ship is in the deep blue water .
the building is on the left side of the stadium .,"The stadium is shaped like an egg, And the roof can be opened and closed freely ."
what is the name of this stadium,the stadium with a white awning is located on a square with parking lots with no cars .
the image shows the snow covered mountains of the,The snowberg is covered with snow and ice but some ridges are not covered by snow and ice .
the stadium is located in the center of the image .,this is a huge playground with basketball courts and tennis courts planned orderly inside .
a. the snow on the mountain is melting b. the snow on the mountain is melting,The snowberg is covered with glaciers and some horn peaks remain at the top of the snowberg .
a. a beach with a sand bar separating it from the mainland .,The beach with khaki sand and the color of the seawater is green .
Google Earth,the white waves swash against the wet sands .
a. a highway with a median and shoulder markings b. a highway with a median and shoulder markings c. a highway with a median and shoulder markings d. a highway with a median and shoulder markings,A bifurcated freeway goes through the forest with many dark green trees and some cars are driving on the freeway .
a. a road with a car on it b. a road with a car on it c. a road with a car on it,these three tennis courts are colored with green
a. a beach b. a beach with a wave c. a beach with a wave breaking on it,the vast sea is beating the sand .
a. the airport b. the runway c. the runway and the airport d. the runway and the airport and the runway,Three planes parked on the airport while some buildings and cars beside .
the island is located in the middle of the ocean .,The island with dense vegetation is surrounded by deep blue waters .
the image shows a mountain range with a river running through it .,it is green on the mountain while it is yellow at the bottom of the mountain .
the golf course .,"The golf course has some fairways, Barrier trees and sandpits and some barrier trees are on both sides of the fairways ."
a. the mountains are covered in snow.,The snowberg is partly covered with glaciers and the snowberg consist of lots of ridges and valleys .
a.,The dark green river with some tributaries goes through the farmland and some houses are next to the river .
a. the intersection of a road and a river or a river and a road. b. the intersection of a road and a river or a river and a road.,The cross-line overpass is over the road and some white buildings are next to the overpass .
a. a large house in the woods b. a large house in the woods,the house close to which is a swimming pool is surrounded by trees .
the dome of the cathedral,a dome building was built beside the road .
the airport is located in the middle of the image .,An airport with some staggered runways and buildings on the lawn and some buildings beside .
a. parking lot b. aerial view of a parking lot,The parking lot has lots of cars arranged neatly in lines and some trees are among cars .
a. a residential neighborhood b. a residential neighborhood,The medium residential area has some houses and trees on the grass and some roads go through the medium residential area .
marina,The harbor with lots of neatly docked boats is surrounded by some buildings and a parking lot .
the image shows a mountainous region with a few rivers .,roads and rivers can be seen in the valleys .
a. a stadium with a baseball field and a football field b. a baseball field and a football field c. a baseball field and a soccer field d. a baseball field and a soccer field,"an old football field, a baseball court and a parking lot form this rectangular area ."
a. suburban sprawl b. urban sprawl c. urban sprawl in the united states d. urban sprawl in the united kingdom,rows of tall trees were planted on both sides of the road .
the marina is located on the north shore of the bay .,The harbor has lots of neatly docked boats and some boats are in the open area on the shore .
the temple is surrounded by a moat and surrounded by a moat .,The palace with some palaces of different sizes is surrounded by a forest .
river,It is a river with some plants on one bank and roads on the other side .
a. a lake b. a river c. a river delta d. a river and a lake,The lake lies in a mountainous area and the water is green .
a. smoke coming out of a factory b. smoke coming out of a chimney c. smoke coming out of a chimney and a factory,There is a thermal power station and a house in the open space by the road .
the mountains are in the north and west .,part of the mountain is bare and snow capped while the other part is green and brown .
the building is on the left side of the image,A dense residential area has lots of houses next to each other while some roads go through the residential area .
what is the name of this island,The stratus clouds and cumulus clouds are located above the sea and the island covered by dense vegetation .
a. a large open pit b. a large open pit c. a large open pit,There was a little weed around the terraces .
a. the building is surrounded by other buildings b. the building is surrounded by a moat c. the building is surrounded by a moat and a wall d. the building is surrounded by a moat and a wall,in one of the blocks there is a church with a black and white roof .
beach,The beach with brown sand and the color of the seawater is green .
the track is made up of a series of long rectangles .,Some runways go through the open area .
a. a city,this area is the economic center of the city .
the bridge is a cantilever bridge that connects the city of,a long bridge was built over the river .
the image shows a small island with a few buildings on it .,a arc line of houses and a line of houses at the sea surround the blue swimming pool
marina,a large number of white ships were parked around the harbor .
the stadium is located in the center of the image.,This stadium has seats on two sides only .
the lake is located in the middle of a forest .,The lake lies in the dense forest and the water is deep green .
a. parking lot b. parking lot c. parking lot d. parking lot,the parking lot is full of cars .
a. a river flowing through a valley b. a river flowing through a valley,The blue river is between the mountainous area and some residential areas and an overpass is over the river .
a. a tree in a field b. a tree in a field,"The golf course has two fairways, A road and some barrier trees ."
a. a patchwork of fields,a lot of green farmland has been planted on the land .
a. a straight line b. a curved line c. a curved line that is not straight,a farmland in several rectangles is white and green .
a city with a river running through it .,The dark green river goes through the forest and a residential area is next to the river .
the building is surrounded by a large number of smaller buildings .,The palace has some dome palaces of different sizes .
the nuclear power plant .,There are about ten storage tanks here .
the airport is located in the city of,An airport with some staggered runways and open areas on the lawn and some buildings arranged neatly beside .
ship,The ship is docked at the dock and the water is deep blue .
the water reservoir is located in the middle of a forest .,there is a big trapezoidal pond of green water .
a. a neighborhood of houses b. a neighborhood of houses,The medium residential area has some houses of different sizes and wastelands .
a. boats docked at a marina b. boats docked at a marina,The harbor has some neatly docked boats and the color of the waters is dark green .
the building is in the center of the image .,the square with a circular pond and lawn is surrounded by some trees .
the image shows a landscape with a lot of terraces .,"Half of the terraces are full of crops, and the other half are empty ."
a. a highway with a lot of traffic on it. b. a highway with a lot of traffic on it.,The directional overpass is over the roads on the lawn .
a. satellite image of a train station b. satellite image of a train station,These railways are flanked by lots of buildings and some fields .
shipwreck,The two ships are in the deep blue water .
a. desert b. desert with some trees c. desert with some trees and some bushes d. desert with some trees and some bushes and some rocks,Some green chaparrals of different sizes grow in the desert .
the airport is located in the middle of the picture .,An airport with two parallel runways and an open area on the farmland .
stadium,"The stadium looks like a fan, With a blue roof on each side ."
the square is a square shaped square with a central square and two smaller squares on each side .,The palace has some palaces of different colors and a big square .
the coastline is marked by the dark line .,The beach with brown sand and the land next to the beach is covered with some plants .
a. desert b. desert with some trees c. desert with some trees and some rocks d. desert with some rocks and some trees,Some disconnected chaparrals of different sizes grow in the desert and the dry river channel beside .
a. a city b. a city in the city,A dense commercial area has lots of buildings arranged neatly .
the image shows a large lake surrounded by mountains .,The lake lies in a mountainous area and the water is deep green .
a. oil tanks b. oil tanks c. oil tanks,There are two identical storage tanks beside a white house .
a. a field of crops b. a field of crops,Four dark green circular farmlands are surrounded by some rectangular farmlands .
the airport is located in the middle of the desert .,An airport with grid-shaped runways in the vacant lot and some roads through the vacant lot .
a. green grass field b. green grass field with a road,This meadow has evenly distributed dense grasses and a road goes through the meadow .
a. a residential neighborhood b. a city street,A dense residential area has some trees and lots of houses next to each other while some roads go through the residential area .
Airport,many white planes were parked at the airport .
a. the road is curved and has a bridge over it. b. the road is straight and has a bridge over it. c. the road is curved and has a bridge over it. d. the road is straight and has a bridge over it.,A road go across another one diagonally .
river delta,the river flows through the wide land .
a. basketball court b. parking lot c. parking lot,small villas and a basketball court form this block .
a. aerial view of a highway with a bridge over it. b. aerial view of a highway with a bridge over it.,A straight freeway and some small roads go through the lawn and form an overpass on another road .
Lake Eyre is the world's second largest salt lake .,The lake lies in farmland and the water is green .
the image shows a large area of the island of,There is a straight path through this wetland .
a. the city is in the middle of the city .,several crosses divide the commercial into pieces
aerial view of the property,The mobile home park has some mobile homes and a parking lot .
the lake is located in the northwest corner of the island .,A big lake and two small lakes lie in the dense forest and the water is blue .
this is a view of a mobile home park .,The mobile home park has some mobile homes on the grass and two lakes are also in the mobile home park .
a. is a satellite image of a train station in a city .,rails in the rectangular area surrounded by buildings are into merging area .
This is a satellite image of a large industrial area .,near a residential area there is a factory with some small squares on its roof sandwiched between a railway and a road.
the stadium is located in the heart of the city,This stadium is surrounded by dense residential areas .
the golf course is located in the middle of the image .,"The golf course has some fairways, Roads, Barrier trees and sandpits ."
stadium of light,there is an advertising board above one side of the grandstand in the stadium surrounded by some buildings .
the mountains are covered in snow .,some of the mountains are covered with snow .
the station is located in the center of the image .,The railway station has lots of railways and some striped buildings and an overpass is over the railways .
parking lot,The parking lot has several parked cars but lots of parking spaces are still empty .
what is the name of the building in the center of the image?,two parallel streets form this block including a green football field  six tennis courts and different kinds of buildings
baseball field,Two adjacent baseball diamonds next to a parking lot and some buildings beside .
a. smoke rising from a factory,The cumulus clouds are located above the city .
a. a baseball field surrounded by houses b. a baseball field surrounded by trees,A baseball diamond surrounded by some trees and some houses beside .
the image shows a large open pit mine .,some trucks are on the bare land .
a. a train station b. a railway line c. a railway station,"The railway station has lots of railways, Some trains and buildings of different colors and the railway station are flanked by some clearings and residential areas ."
island,Some islands with dense vegetation are surrounded by light blue waters .
a. a large square plaza surrounded by buildings .,there are many trees and lawns around the square .
a. airport b. parking lot c. runway d. all of the above,Three planes parked on the airport and a white buildings in front of planes .
a. a road crossing a farm field .,Some green rectangular farmlands of different sizes are arranged in neat rows and some houses are surrounded by these farmlands .
a. the intersection of 2nd and 3rd streets b. the intersection of 3rd and 4th streets c. the intersection of 3rd and 4th streets d. the intersection of 4th and 5th streets,An intersection with sparse traffic located in a commercial area .
a. a group of trees b. a group of bushes c. a group of shrubs,Some chaparrals of different kinds and sizes grow in the desert .
a. a large intersection with a roundabout in the middle of it. b. a large intersection with a roundabout in the middle of it.,The roundabout is an overpass in the commercial area and some cars are driving on the roundabout .
the track is located in the south of the city .,The railway station has lots of railways and a white building and lots of other buildings are next to the railway station .
glacier,The snowberg is partly covered with glaciers and a U-shaped valley is in the snowberg .
a. aerial view of a freeway with a lot of traffic on it .,A straight freeway goes through the block and some cars are driving on the freeway .
neighborhood,A dense residential area has lots of trees and houses of the same style .
the image shows a large circular mound surrounded by a low-lying forest .,This meadow has dense grasses and some trees .
a. it is a view of a building with a large roof .,A commercial area with a U-shaped building is surrounded by some roads and the lawn is behind the building .
a. it is a roundabout with a circular shape and no traffic lights. b. it is a roundabout with a circular shape and with traffic lights. c. it is a roundabout with a circular shape and no traffic lights. d. it is a roundabout with a circular shape and with traffic lights.,The roundabout connects four roads and some trees are in the middle of the roundabout .
beach,The beach with khaki sand and the color of the seawater is green .
a. the building is shaped like a letter v b. the building is shaped like a triangle,on either side of the square is a row of houses with grey roofs .
the stadium is in the centre of the image,The stadium has a blue roof on two sides .
a. parking lot b. parking lot c. parking lot d. parking lot,four lines of automobiles and a white truck are parked on the parking lot beside lawns .
a. basketball court b. parking lot c. intersection d. street,A basketball court next to the lawn and some cars beside .
the image shows a mountain range .,The folded mountain consists of a number of ridges and valleys .
the city of london,a row of trees were planted in the school .
the bridge is a cantilever bridge that spans the strait between the mainland and the island .,A bridge is built on a dark green river and the river has a channel bar .
the park is a large public park located in the center of the city .,the park looking like a window is combined by one piece of square land and a piece of a a semicircle land
the lake is surrounded by a forest and has a small island in the middle .,there are many tall trees around the lake .
the beach and the ocean meet .,many people are playing on the beach .
a. desert b. desert with a few trees c. desert with a few trees and a few buildings d. desert with a few trees and a few buildings,A path leads to this house with black roof .
aerial view of the cathedral,two parallel roads divide these buildings into three blocks in the middle of which there is a church with cross shaped roof .
a. a highway with a bridge over it b. a highway with a bridge over it,An overpass go across the roads diagonally .
stadium of light,This stadium has a red podium on one side .
a. snow covered mountain range b. a glacier,The snowberg is partly covered with snow and ice and a knife-edge ridge remains at the top of the snowberg .
the bridge is a cantilever bridge that spans the river between the two islands .,"A bridge built on a dark green river and some buildings on one side of the river, And some green plants on the other side of the river ."
this is a picture of a green space with trees and grass .,This meadow has sparse grasses and some trees .
a. a circular field with a circular center pivot irrigation system .,Two green circular farmlands are on the ground and some chaparrals beside .
a. it is a highway interchange with a large number of lanes and a large number of cars on it. b. it is a highway interchange with a large number of lanes and a large number of cars on it.,two railways pass through a ring shaped viaduct .
the mountains are made up of granite .,The folded mountain consists of some ridges and valleys and parts of the mountain are covered with dense vegetation .
a. a large lake surrounded by desert b. a large lake surrounded by desert c. a large lake surrounded by desert and a city,The lake with curved shores lies in a wasteland and the water is deep green .
a. a group of houses in a suburban area b. a group of houses in a suburban area c. a group of houses in a suburban area,A dense residential area with lots of houses of the same style is surrounded by some roads .
a. satellite image of a coal mine .,"There are seven thermal power stations here, two of which are thinner and taller than others ."
a. a field of crops b. a field of crops with a small amount of water in it,Several rectangular farmlands are arranged in neat rows .
figure 1.10 a satellite image of a city,The ground track field is surrounded by lots of buildings arranged neatly .
a. desert b. desert with mountains c. desert with mountains and hills,The folded mountain has a continuous series of rugged mountains and its rocks are red and brown .
a. the road is too wide for the vehicles to pass safely.,A straight freeway goes through the lawn and some cars are driving on the freeway .
a. aerial view of a city b. aerial view of a city,There are some buildings with grey roofs .
glacier,The snowberg is covered with snow and ice .
a. a roundabout with a single lane in each direction b. a roundabout with multiple lanes in each direction,The roundabout connects four roads and a lawn is in the middle of the roundabout .
a. the mountains are covered in snow. b. the mountains are covered in trees. c. the mountains are covered in water. d. the mountains are covered in grass.,The snowberg is partly covered with snow and ice and partly covered with vegetation .
the temple of the morning calm,The dark gray palace has some palaces of different sizes and lots of trees .
a. a bridge over a river b. a bridge over a river,A bridge built on a dark green river and the vacant lot on both sides of the river .
the river delta,The deep blue river with a channel bar goes through the wasteland .
a. a large intersection with many roads intersecting at it .,there is a spindle shaped viaduct with many cars .
the building is located in the city of hong kong .,A commercial area with lots of high-rise buildings of different shapes is next to the waters .
a. the same area as the previous image but zoomed in to show the road network .,Several rectangular farmlands of different colors are arranged in neat rows and some roads go through the farmlands .
a. a group of houses b. a group of houses in a row c. a group of houses in a row,A baseball diamond next to some badminton courts and the residential area beside .
a. airplane b. airport c. airport terminal d. airport terminal and airplane,A plane with the red mark parked next to a twisted boarding bridge of the striped terminal .
a. a rocky shoreline b. a rocky shoreline with a small cove c. a rocky shoreline with a small cove,The type of beach is rocky coast and some buildings on the beach .
a. a baseball field b. a parking lot c. a street,A baseball diamond and a parking lot beside and the residential area beside .
a. a large rectangular pond surrounded by farmland and a road .,rows of trees were planted around the lake .
the lake is located in the north of the city of,The mountain has a rugged surface and its rocks are black and brown .
the golf course is on the left side of the image .,"The golf course has some fairways, Barrier trees and sandpits and some houses are also in the golf course ."
a. the beach is receding from the shoreline b. the beach is eroding into the water c. the beach is eroding into the water,The beach with khaki sand and some small dirt slopes on the beach .
a. bridge over a highway b. bridge over a highway,The cross-line overpass is over the roads on the lawn .
the river is in the middle of the image .,a curving river and road encircle the farmland which is light green with some trees .
terraced vineyards in the region of the Douro valley .,There are several white houses on the terraces .
the airport is located in the city of,Some planes parked in three lines on the airport .
a. the train station,huge white station platform are over the spindle shaped rails .
hotel,two swimming pools are surrounded by a ring of houses with vivid roofs next to a road at the sea .
a large industrial area with several large buildings and a few cars and trucks .,"The railway station has lots of railways, Some trains and a striped building and some other buildings are next to the railway station ."
a. blue roofs b. blue roofs c. blue roofs d. blue roofs,The industrial area has some blue workshops of different sizes and green areas .
the image shows a small village surrounded by farmland .,There is a winding path between the terraces .
a. a group of houses b. a group of houses,A dense residential area with lots of houses arranged neatly is surrounded by some trees .
a. desert b. desert with some vegetation c. desert with some vegetation and some sand dunes d. desert with some vegetation and some sand dunes e. desert with some vegetation and some sand dunes f. desert with some vegetation and some sand dunes g. desert with some vegetation and some sand dunes h. desert with some vegetation and some sand dunes i. desert with some vegetation and some sand dunes j. desert with some vegetation and some sand dunes k. desert with some vegetation and some sand dunes l. desert with some vegetation and some sand dunes m. desert with some vegetation and some sand dunes n. desert with some vegetation and some sand dunes o. desert with some vegetation and some sand dunes p. desert with some vegetation and some sand dunes q. desert with some vegetation and some sand dunes r. desert with some vegetation and some sand dunes s. desert with some vegetation and some sand dunes t. desert with some vegetation and some sand dunes u. desert with some vegetation and some sand dunes v. desert with some vegetation and some sand dunes w. desert with some vegetation and some sand dunes x. desert with some vegetation and some sand dunes y. desert with some vegetation and some sand dunes z. desert with some vegetation and some sand dunes aa. desert with some vegetation,"The desert has yellow sand, Some fixed dunes and small hills ."
clouds,The cumulus clouds are located above the green farmland .
a. a neighborhood of houses b. a neighborhood of houses,A dense residential area has lots of trees and houses of the same style while some roads go through the residential area .
a. the runway b. the taxiway c. the taxiway d. the taxiway,The runway is next to a parking lot and the designation marking is 32 .
grass,a tract of dense bushes cover the area .
Figure 1.1,The railway station with lots of railways is surrounded by lots of other buildings and some trains are on the railways .
the airport is located in the middle of the image .,An airport with some staggered runways and buildings in the vacant lot .
railway line,These railways have a grove of trees on one side of the railways .
a. desert b. desert with some clouds c. desert with some clouds and some mountains d. desert with some mountains and some clouds,The desert has deep yellow sand and many white small hills .
a. a street with a few cars parked on it .,An intersection with sparse traffic is between some buildings and a parking lot .
the image shows a large area of farmland .,the land is a vast green field .
aerial view of the prison,The gray palace with some palaces of different sizes is between a lawn and a forest .
the airport is located in a densely populated area .,The runway is surrounded by lots of other buildings .
the beach and the ocean,the shining sea rush to sand leaving spray around a rock on the coast.
a. a river and a city b. a river and a city c. a river and a city d. a river and a city,The dark green river with some tributaries goes through the residential area and two overpasses are over the river .
a. a beach with a sand dune and a sea wall .,The beach with brown sand and some small dirt slopes on the beach .
a. a harbor with a lot of boats in it b. a harbor with a lot of boats in it,many ships were parked at the harbour .
a. three planes b. three planes c. three planes on a runway,Three planes parked in different directions on the open area with some marks .
a. a highway with a median and shoulder .,A straight freeway goes through the lawn with some trees and on one side are two white houses .
the circles are the same size .,Several khaki circular farmlands are on the wasteland .
a satellite image of a lake surrounded by land .,There are small creeks in the middle of this wetland .
the building is a large building with a green roof .,The green palace has a courtyard and a grove of trees .
aerial view of a house,A path leads to these two houses which are surrounded by lawn .
this is a view of a house from above,there is a house near a square coconut grove on the lawn with coconut trees scattered around.
the golf course is located along a river .,"The golf course has a lake, Some putting greens, Fairways, Roads, Barrier trees and three sandpits and a river goes through the golf course ."
the island is a small rocky island off the coast of the island is a small rocky island off the coast of the island is a small rocky island off the coast of the island is a small rocky island off the coast of the island is a small rocky island off the coast of the island is a small rocky island off the coast of the island is a small rocky island off the coast of the island is a small rocky island off the coast of the island is a small rocky island off the coast of the island is a small rocky island off the coast of the island is a small rocky island off the coast of the island is a small rocky island off the coast of the island is a small rocky island off the coast of the island is a small rocky island off the coast of the island is a small rocky island off the coast of the island is a small rocky island off the coast of the island is a small rocky island off the coast of the island is a small rocky island off the coast of the island is a small rocky island off the coast of the island is a small rocky island off the coast of the island is a small rocky island off the coast of the island is a small rocky island off the coast of the island is a small rocky island off the coast of the island,The island has rugged terrain and dense vegetation and the waters around the island is green .
the mountains are covered in snow and ice .,The snowberg has some valley glaciers but some ridges are not covered by glaciers .
a. a city b. a town c. a suburb d. a city and a town,the houses ranged tightly along the straight roads .
a. aerial view of a park b. aerial view of a football field,"the old, brown exercise yard is decorated by some trees ."
parking lot,opposite a parking lot with three cars there is a trapezoid parking lot between two roads full of automobiles.
marina aerial view,The harbor has lots of neatly docked boats and a lot of green plants and some buildings are on the shore .
satellite image of a desert landscape with sparse trees,Some green chaparrals of different sizes grow in the desert .
the fairway is lined with trees and the green is surrounded by trees and a path .,"The golf course has a putting green, Two fairways and some barrier trees and a road goes through the golf course ."
a. a large building with many windows b. a large building with many windows c. a large building with many windows,we can see a square harbour basin on the coast with boats moored side by side .
a. aerial view of a highway with a few cars on it .,A straight freeway goes through the residential area and some cars are driving on the freeway .
a. a park with a baseball field b. a park with a baseball field,Two baseball diamonds surrounded by some trees and the residential area around them .
a. a bridge over a river b. a bridge over a river,"A bridge built on a dark green river and the residential area on one side of the river, And some green plants on the other side of the river ."
a. the building is surrounded by buildings.,A commercial area has some buildings arranged neatly and some roads go through the commercial area .
aerial view of a house and a small building on a farm .,There are circular swimming pools beside this house .
the image shows a large area of land with trees and a house .,Two paths lead to a small black house .
the beach is made of sand and the water is blue .,the sea is calm and we can see there is a building offshore .
a. a city b. a neighborhood c. a city street,A dense residential area has some trees and lots of neatly arranged houses of different sizes while a road goes through the residential area .
the park is located in the city .,there is a square covering a large area surrounded by trees .
the blue roofs are the buildings of the factory .,The industrial area has lots of industrial equipment and some neatly arranged blue workshops .
the mountains are in the north,several rivers flow through the tall mountain .
the airport is located in the center of the image .,An airport with some runways and buildings on the lawn with some trees .
the airport is located in the desert .,An airport with some staggered runways and buildings in the vacant lot .
the house is on a large plot of land .,A house with orange roofs is surrounded by trees and cropland in the sparse residential area .
a. a road with a bridge over it. b. a road with a bridge over it.,The cross-line overpass is over the road in the forest and some houses are next to the overpass .
a. bridge over a river b. bridge over a river,A bridge built on a dark green river and the lawn on both sides of the river .
marina aerial view,The harbor has lots of neatly docked boats and the color of the waters is blue .
a. aerial view of a highway b. aerial view of a construction site,A straight freeway goes through the block with many buildings and on one side is a clearing .
This is a satellite image of a large industrial area.,here is a factory including a parking lot and a sports field .
This is a stadium with a running track and a football field .,there are sports fields near a waste ground .
beach,This is a beach with blue-green sea and white sands .
a. a river b. a river,Several rectangular farmlands are on the ground and a residential area is next to the farmlands .
what is the shape of the land in this image ?,A dark green circular farmland and several khaki circular farmland are surrounded by some rectangular farmlands .
the stadium is in the center of the image .,The ground track field is on a lawn and is surrounded by lots of trees and houses arranged neatly .
the building is a large white building with a circular tower in the middle of the roof .,there is a black and white church located in the corner of a cross together with other buildings .
a. a highway interchange b. a highway interchange,the viaducts crisscross over the river .
a. it is a large oil refinery plant .,many different storage tanks were built on the land .
This is a satellite image of a large industrial facility .,there is a factory with workshops and some columnar tanks .
a. a road with a large house on it b. a road with a small house on it c. a road with a large house on it d. a road with a small house on it,An intersection without cars located in a residential area .
"The station is located in the center of the image , surrounded by residential buildings .",there are rings of rectangular buildings with red roofs near the spindle shaped rails .
baseball field,A baseball diamond surrounded by some trees and some houses beside .
the roundabout is a circle with a white circle in the middle,The roundabout connects six roads and some cars are driving on the roundabout .
parking lot,The parking lot has some neatly arranged cars of different colors .
a. a roundabout with a single carriageway and a single lane in each direction.,The roundabout connects four roads and a parking lot is next to the roundabout .
a. a forest b. a forest with a lot of trees,The forest has a lot of dense green trees of different color depths .
this is a view of a neighborhood with a few homes and a small park .,the black and red cottages distributes along the road .
the park is located in the middle of a residential area .,Two baseball diamonds on the lawn with some trees and some houses beside .
a. the mountain range is a series of parallel ridges that run from west to east .,The folded mountain consists of some ridges and valleys .
a. a highway with a median and a shoulder. b. a highway with a median and a shoulder.,A straight freeway is a forest on one side and on the other side is a lawn with some trees .
a. a street with a basketball court b. a street with a basketball court,A basketball court next to some parking lots and the medium residential area on the other side of the road .
a. a group of houses b. a group of houses in a neighborhood c. a group of houses in a neighborhood,A dense residential area with lots of houses next to each other is surrounded by some roads .
the image shows a desert landscape with a few small lakes .,The mountain has a rugged surface and its rocks are yellow .
the house is on the left .,The church with a cross-shaped roof is surrounded by some trees .
a. the building is in the middle of a parking lot b. the building is in the middle of a park,The church with a tower and the rest of the church has a gray-green cross-shaped roof .
a. aerial view of a road intersection with a pedestrian crossing and a car park on the left side of the road,An intersection with sparse traffic is between some parking lots and neatly arranged houses .
a. the intersection of a city street and a park,there is a road between two pieces of huge buildings .
the stadium is located in the city of,This oval stadium has dense residential areas on three sides .
the square is in the center of the image .,The roundabout with some exits and entrances is surrounded by some buildings and some cars are driving on the roundabout .
the bridge is a cantilever bridge .,a wide road was built over the river .
the sand dunes,"The desert has yellow sand, Some barchan dunes and pyramidal dunes ."
What is the name of the airport ?,a large number of aircraft were parked at the back of the airport .
a. a large body of water b. a large body of water c. a large body of water d. a large body of water,there are four polygonal pond close to each other .
a. a highway interchange b. a highway interchange,The cross-line overpass is over the roads on the wasteland .
a. green grass b. brown grass c. brown grass with some green d. brown grass with some green e. brown grass with some green with some brown,here we can see a meadow with some pieces of bare ground .
a. aerial view of a train station b. aerial view of a train station,These railways are between some buildings and a parking lot and a lawn is next to the railways .
railway lines in the foreground and houses in the background,These railways are between some houses and a green area .
a. a forest b. a road c. a river,This meadow has different sparsity in different places and some trees are also on the meadow .
the image shows a large area of land that has been cleared for farming .,There was a little weed around the terraces .
the mystery of the crop circles,The runway in the clearing connects an open area .
a. a roundabout with a small number of vehicles passing through it. b. a roundabout with a large number of vehicles passing through it.,The roundabout with three exits and entrances is between some buildings and the clearing .
a. a field of crops b. a field of crops,Several rectangular farmlands of different sizes are arranged in neat rows .
intersection,An intersection with sparse traffic located in a residential area with some green areas .
lot in the city,The runway goes through the lawn and a forest is next to the runway .
a. a large storage tank b. a large storage tank,There are five storage tanks on the side of the white house .
image,There are blocks of residential areas between the jungles .
baseball stadium,A baseball diamond on the lawn while a grandstand and some buildings beside .
island,The island without vegetation is surrounded by light blue waters .
the island is located in the middle of the river .,The deep blue river has a channel bar .
a. aerial view of a highway with a tennis court next to it.,A row of trees is planted around the tennis court .
a. a dense forest of trees b. a dense forest of trees,The forest has a lot of evenly distributed dark green trees .
a. a large building with many windows and doors. b. a large building with many windows and doors.,The industrial area has some strip workshops of different colors .
the intersection of 10th and 11th streets,A tilted intersection with normal traffic is between some buildings .
stadium,there is a gymnasium in the middle of the field .
the interchange is located at the intersection of the southbound lanes of the southbound lanes of the southbound lanes of the southbound lanes of the southbound lanes of the southbound lanes of the southbound lanes of the southbound lanes of the southbound lanes of the southbound lanes of the southbound lanes of the southbound lanes of the southbound lanes of the southbound lanes of the southbound lanes of the southbound lanes of the southbound lanes of the southbound lanes of the southbound lanes of the southbound lanes of the southbound lanes of the southbound lanes of the southbound lanes of the southbound lanes of the southbound lanes of the southbound lanes of the southbound lanes of the southbound lanes of the southbound lanes of the southbound lanes of the southbound lanes of the southbound lanes of the southbound lanes of the southbound lanes of the southbound lanes of the southbound lanes of the southbound lanes of the southbound lanes of the southbound lanes of the southbound lanes of the southbound lanes of the southbound lanes of the southbound lanes of the southbound lanes of the southbound lanes of the southbound lanes of the southbound lanes of the southbound lanes of the southbound lanes of the southbound lanes of the southbound lanes of the southbound lanes of the southbound lanes of the southbound lanes of the southbound lanes of the southbound lanes of the southbound lanes of the southbound lanes of the southbound lanes of the southbound lanes of the southbound lanes of the southbound lanes,The intricated overpasses is over the roads in the residential area .
trees,Some connected chaparrals of different sizes grow in the desert .
a. a group of circles b. a group of circles,Several green circular farmlands with different radii are neatly arranged on the wasteland .
what is the runway direction,The runway with some arrow markings connects some other roads .
tennis courts and a playground,Two rows of cars were parked beside the tennis court .
a. the city is a square shape with a lot of buildings and roads.,the latticed commercial is separated by several crosses .
the airport is located in the middle of the desert .,Three planes parked in a line on the airport and another plane in front of them .
a. a square with a fountain in the middle surrounded by a few trees and a few cars and houses .,the square in the forest contains several lawns for picnic .
the image shows a large area of land with a variety of crops and trees .,There is a winding path between the terraces .
the image is a satellite image of a rural area with a few houses and fields .,Some green rectangular farmlands of different sizes are neatly arranged on the ground and some houses are surrounded by these farmlands .
the building is on the left side of the image .,the school here is sandwiched between a forest and a residential area .
the site is now a car park .,The railway station has some railways and a big building .
the house is on the left side of the road,some flats on the lawn is near some trees .
a roundabout and a motorway,The cross-line overpass is over the roads in the forest .
baseball field,Two adjacent baseball diamonds make up a semicircle and the open area beside .
the stadium is the largest in the world,The stadium's roof has wavy white signs .
a. a residential area with a few trees and a few houses .,The mobile home park has some mobile homes and lots of trees are among these mobile homes .
sand,"The desert has yellow sand, Some trellis dunes and sparse plants ."
the site of the former plant .,The industrial area with lots of industrial equipment and some workshops next to each other is surrounded by some green areas .
the image shows a large body of water surrounded by dense vegetation .,"There are two winding paths in this wetland  , and the water is dark green ."
hotel,the swimming pool is close to a l shaped building with a gray roof and a zigzag building with a white roof on the beach .
stadium,This stadium has a row of silver signs on each side .
the house is in the middle of a dry desert area with a small parking lot and a small oval shaped pool in the front yard .,A house is surrounded by sands and bushes in the sparse residential area .
the desert is a large flat area of sand dunes and sand,The desert has yellow sand and some decayed rocks .
a. aerial view of a city b. aerial view of a city,beside the road there is a factory.
image of the airport,An airport with some parallel runways and an open area on the farmland with different plants and some villages beside .
the aerial view of the campus,a large number of tall trees were planted around the red houses .
a. a river b. a river delta c. a river delta,There are several scattered trees in the middle of this wetland .
parking lot,The parking lot has lots of neatly arranged cars of different colors .
the island is a small rocky outcrop off the coast of the island,The stone island is surrounded by blue waters .
the stadium is located in the city of,The roof of this stadium is pure white .
a. a field of crops b. a field of crops,Three khaki circular farmlands are surrounded by some other shapes of farmlands .
a. a large building with a large green lawn in the middle of a city b. a large building with a large green lawn in the middle of a city c. a large building with a large green lawn in the middle of a city,The ground track field is on a lawn and some buildings are next to the ground track field .
the golf course is on the left of the image .,"The golf course has some fairways, Barrier trees and sandpits and some houses are also in the golf course ."
close up of a grey striped fabric,There is a piece of farmland .
Disneyland,there is a park at the corner of an intersection .
baseball field,Three baseball diamonds next to some roads and some buildings beside .
a. a city b. a town c. a village d. a city in the desert,"The golf course has some lakes, Fairways, Barrier trees and sandpits and lots of houses arranged neatly are also in the golf course ."
the church is in the center of the image .,we can see rows of cars parked along the street around red roof buildings among which is a church .
a. a river system b. a river system,Half of this wetland is bare rock and the other half is covered by vegetation .
a. sand dunes b. sand dunes c. sand dunes,The desert has yellow sand and many small dunes and the desert terrain is flat .
aerial view of a neighborhood with mobile homes,The mobile home park has some mobile homes along the road and a grove of trees is next to the mobile home park .
Airport map,The runway goes through the lawn and some buildings of different sizes are next to the runway .
a. a group of buildings with a common roof b. a group of buildings with a common roof c. a group of buildings with a common roof,This is a dense residential area with houses and roads .
a. airplane b. parking lot c. parking lot,A plane parked on the airport and the lawn in front of it .
the castle is a large rectangular building with a moat around it .,The gray palace with some courtyards is next to a grove of trees .
a. a field of crops b. a field of crops,Lots of green rectangular farmlands are arranged in neat rows .
a. the same area as the previous image but zoomed in .,beside the beach there is a factory with parking lots in it .
a. green grass b. green grass with some trees c. green grass with some trees and some rocks d. green grass with some rocks and some trees,This meadow has dense grasses and a tree .
harbour,The harbor has lots of neatly docked boats and a dense residential area is next to the harbor .
a. a highway with a median and shoulder .,A straight freeway goes through the lawn with some trees .
the three lakes are located in the north of the city .,Some lakes of different sizes and colors lie in farmland .
terrace farming,There is a path between the terraces leading to a building .
marble,The desert has yellow sand and many fixed dunes .
the fort is a large stone building surrounded by a high wall .,The dark gray palace has some palaces of different sizes and a river is next to the palace .
a beach,The beach with khaki sand and some items on the beach .
the desert,a irregular shaped pattern with jagged edges can be see on the desert .
a. the road is in the desert b. the road is in the desert c. the road is in the desert d. the road is in the desert,A bifurcated freeway goes through the wasteland with some trees and some cars are driving on the freeway .
This is a city park with tennis courts and a small park in the middle of a residential neighborhood .,There is a tennis court on the upper right .
a. a road with a bridge over it b. a road with a bridge over it,A straight freeway goes through the block and some trees are on both sides of the freeway .
a. desert b. desert with mountains c. desert with mountains and hills d. desert with mountains and hills and a river,The desert has yellow sand and some mountains or hills .
a. a large parking lot b. a large parking lot,The parking lot has some cars arranged neatly in lines .
the airport is located in the north of the city .,the airport built in the field has some buildings runways and a tarmac.
a. a lake b. a river c. a river delta,The dark blue lake lies on a flat ground covered with vegetation and a village is next to the lake .
a. a large group of boats moored in a harbor b. a large group of boats moored in a harbor,The harbor has lots of neatly docked boats and the color of the waters is green .
baseball field,A baseball diamond next to the playground and the residential area beside .
a. aerial view of a highway b. aerial view of a baseball field,Two baseball diamonds next to some freeways and the residential area on the other side of freeways .
the school is located in the centre of the image,The ground track field is on a lawn is surrounded by lots of buildings .
the bridge is a cantilever bridge .,"A bridge built on a dark green river while a harbor and some buildings on one side of the river, And a orange building on the other side of the river ."
island,The island with rugged terrain is surrounded by blue waters .
a. green grass b. green grass with a few brown spots c. green grass with a few brown spots d. green grass with a few brown spots and a few green spots,This meadow has different sparsity in different places .
-----0-----,-----0-----
